{
  "classes": [
    "jump",
    "stair",
    "walk"
  ],
  "coef": [
    [
      1.305161508721492,
      -0.2982862540168685,
      -0.7894632408074156,
      0.03881886913512254,
      0.27593973164782276,
      0.8653901247602847,
      0.054859286745021184,
      -0.11355843673260241,
      -0.3946335886906588,
      0.3400990646326675,
      0.922490560749806,
      -1.6631641897538085,
      1.0395729702251595
    ],
    [
      -0.40664103589158623,
      0.172389125963871,
      -0.020032183089327516,
      -0.12403356331929684,
      -1.3761820839167647,
      -0.7598774219002881,
      -0.2486203120617385,
      0.646353739944571,
      -1.9410131164881737,
      0.781736193548113,
      -0.704597027498945,
      0.5914473741029328,
      0.7939985806409581
    ],
    [
      -0.8985204728299131,
      0.1258971280530009,
      0.8094954238967431,
      0.085214694184176,
      1.1002423522689435,
      -0.1055127028600007,
      0.19376102531672018,
      -0.5327953032119683,
      2.3356467051788337,
      -1.1218352581807771,
      -0.21789353325086097,
      1.0717168156508827,
      -1.8335715508661146
    ]
  ],
  "intercept": [
    -1.155826966934221,
    -0.23144208011819983,
    1.3872690470524216
  ],
  "feature_names": [
    "mmg_rms",
    "mmg_mean",
    "mmg_std",
    "mmg_pp",
    "emg_rms",
    "emg_mean",
    "emg_std",
    "emg_pp",
    "emg_zcr",
    "acc_mean",
    "acc_std",
    "gyro_mean",
    "gyro_std"
  ],
  "scaler_mean": [
    0.41865865503718197,
    0.0012584521274134272,
    0.18152857162199762,
    0.7738662897712667,
    450.20720750686405,
    430.2707059766159,
    67.9736254698658,
    268.60837438423647,
    0.003108493085643065,
    17105.274518338098,
    623.9849273980133,
    2542.318331068491,
    914.8016343121153
  ],
  "scaler_scale": [
    0.33856934166273195,
    0.44003700655221,
    0.2516296790904611,
    1.076728494434759,
    735.6004376656873,
    726.4254328169148,
    162.31860632935545,
    620.5486820761296,
    0.02604720393988294,
    652.6264133068015,
    1542.2837098532652,
    2999.2736279306096,
    1578.8560420662218
  ]
}